accepted_cells,accepted_control_coverage,blank_cells,blank_false_positive,blank_raw_ink_false_positive,cache_hits,code_accuracy,control_accuracy,control_cells,control_cells_exact,control_raw_exact,development_hypothesis,discipline_code_canonical_accuracy,discipline_code_canonical_exact,discipline_code_exact,discipline_control_accuracy,discipline_control_cells,discipline_control_cells_exact,discipline_name_accuracy,discipline_name_anls,discipline_name_exact,discipline_name_exact_only,discipline_nonblank_control_accuracy,discipline_nonblank_control_cells,discipline_nonblank_control_cells_exact,discipline_rows,extra_prediction_rows,fact_f1,fact_precision,fact_recall,facts_fn,facts_fp,facts_tp,gt_facts,inference_seconds,matched_rows,missing_rows,name_accuracy,name_anls,name_cer,nonblank_cells,nonblank_cells_exact,nonblank_control_accuracy,ocr_calls,pipeline_seconds,predicted_facts,row_classifier_extra_negative,row_classifier_extra_positive,row_classifier_fn,row_classifier_fp,row_classifier_missing,row_classifier_missing_positive,row_classifier_recall_with_missing,row_classifier_tn,row_classifier_tp,rows,scenario,source_sha256,strict_code_fn,strict_code_fp,strict_code_precision,strict_code_recall,strict_code_tp,strict_identity_fn,strict_identity_fp,strict_identity_precision,strict_identity_recall,strict_identity_tp,timing_kind
455,1.0,347,4,4,0,0.3626373626373626,0.9076923076923077,455,413,413,False,0.9393939393939394,62,33,0.9878787878787879,330,326,0.9696969696969697,0.9989861016176804,70,64,0.9436619718309859,71,67,66,0,0.9395973154362416,1.0,0.8860759493670886,9,0,70,79,3.702887899999041,91,0,0.7692307692307693,0.8971709005195793,0.10953150242326333,108,70,0.6481481481481481,0,8.597212799999397,70,0,0,3,0,0,0,0.9545454545454546,25,63,91,baseline,73d6fa541ce75445d21d3e6ed810ee532954959056f6d9cf314e0f84fcd94bf3,10,1,0.9857142857142858,0.8734177215189873,69,10,1,0.9857142857142858,0.8734177215189873,69,cold
455,1.0,347,7,7,0,0.5714285714285714,0.9186813186813186,455,418,418,False,0.8939393939393939,59,52,0.9848484848484849,330,325,0.9393939393939394,0.9983123682364373,69,62,0.9295774647887324,71,66,66,0,0.9178082191780822,1.0,0.8481012658227848,12,0,67,79,12.20130529999733,91,0,0.7582417582417582,0.9346958136302668,0.055896607431340874,108,78,0.7222222222222222,360,17.095630199997686,67,0,0,6,0,0,0,0.9090909090909091,25,60,91,fast_clean6,73d6fa541ce75445d21d3e6ed810ee532954959056f6d9cf314e0f84fcd94bf3,13,1,0.9850746268656716,0.8354430379746836,66,16,4,0.9402985074626866,0.7974683544303798,63,cold
455,1.0,347,0,0,0,0.5714285714285714,0.9362637362637363,455,426,426,False,0.8939393939393939,59,52,0.9878787878787879,330,326,0.6363636363636364,0.7431573640804149,47,42,0.9436619718309859,71,67,66,0,0.9103448275862069,1.0,0.8354430379746836,13,0,66,79,11.597432899987325,91,0,0.5164835164835165,0.6988022963022682,0.389983844911147,108,79,0.7314814814814815,360,16.49175779998768,66,0,0,8,0,0,0,0.8787878787878788,25,58,91,fast_clean7,73d6fa541ce75445d21d3e6ed810ee532954959056f6d9cf314e0f84fcd94bf3,14,1,0.9848484848484849,0.8227848101265823,65,31,18,0.7272727272727273,0.6075949367088608,48,cold
455,1.0,347,7,7,0,0.4065934065934066,0.9010989010989011,455,410,410,False,0.7424242424242424,49,37,0.9636363636363636,330,318,0.7575757575757576,0.9855107707707953,54,50,0.8309859154929577,71,59,66,0,0.8235294117647058,0.9824561403508771,0.7088607594936709,23,1,56,79,12.098061400000006,91,0,0.5934065934065934,0.928487554497477,0.06365105008077544,108,70,0.6481481481481481,360,16.992386300000362,57,0,0,16,1,0,0,0.7575757575757576,24,50,91,fast_raw6,73d6fa541ce75445d21d3e6ed810ee532954959056f6d9cf314e0f84fcd94bf3,24,2,0.9649122807017544,0.6962025316455697,55,27,5,0.9122807017543859,0.6582278481012658,52,cold
455,1.0,347,2,2,0,0.38461538461538464,0.978021978021978,455,445,445,False,0.8787878787878788,58,35,0.9878787878787879,330,326,0.8939393939393939,0.9953126044024696,71,59,0.9436619718309859,71,67,66,0,0.9103448275862069,1.0,0.8354430379746836,13,0,66,79,11.38011029997142,91,0,0.7802197802197802,0.9870979681314752,0.0135702746365105,108,100,0.9259259259259259,360,16.274435199971776,66,0,0,5,0,0,0,0.9242424242424242,25,61,91,fast_otsu6,73d6fa541ce75445d21d3e6ed810ee532954959056f6d9cf314e0f84fcd94bf3,16,3,0.9545454545454546,0.7974683544303798,63,21,8,0.8787878787878788,0.7341772151898734,58,cold
0,0.0,347,0,0,0,0.0,0.0,455,0,0,False,0.0,0,0,0.0,330,0,0.0,0.0,0,0,0.0,71,0,66,0,0.0,0.0,0.0,79,0,0,79,7.170002209022641e-05,0,91,0.0,0.0,1.0,108,0,0.0,0,1.2644311000476591,0,0,0,0,0,91,66,0.0,0,0,91,fast_nodeskew6,73d6fa541ce75445d21d3e6ed810ee532954959056f6d9cf314e0f84fcd94bf3,79,0,0.0,0.0,0,79,0,0.0,0.0,0,cold
455,1.0,347,15,15,0,0.7032967032967034,0.9032967032967033,455,411,411,False,0.9848484848484849,65,64,0.9878787878787879,330,326,0.9393939393939394,0.9983043600360401,72,62,0.9436619718309859,71,67,66,0,0.9536423841059603,1.0,0.9113924050632911,7,0,72,79,20.72371839999687,91,0,0.7912087912087912,0.9360323801860437,0.05718901453957997,108,79,0.7314814814814815,360,25.618043299997225,72,0,0,1,0,0,0,0.9848484848484849,25,65,91,best_clean6,73d6fa541ce75445d21d3e6ed810ee532954959056f6d9cf314e0f84fcd94bf3,7,0,1.0,0.9113924050632911,72,10,3,0.9583333333333334,0.8734177215189873,69,cold
455,1.0,347,0,0,0,0.6923076923076923,0.9472527472527472,455,431,431,False,0.9696969696969697,64,63,0.990909090909091,330,327,0.6363636363636364,0.7465527911462853,50,42,0.9577464788732394,71,68,66,0,0.9395973154362416,1.0,0.8860759493670886,9,0,70,79,17.845963899977505,91,0,0.5494505494505495,0.703397896187697,0.3686591276252019,108,84,0.7777777777777778,360,22.74028879997786,70,0,0,5,0,0,0,0.9242424242424242,25,61,91,best_clean7,73d6fa541ce75445d21d3e6ed810ee532954959056f6d9cf314e0f84fcd94bf3,9,0,1.0,0.8860759493670886,70,27,18,0.7428571428571429,0.6582278481012658,52,cold
455,1.0,347,1,1,0,0.15384615384615385,0.978021978021978,455,445,445,False,0.6515151515151515,43,14,0.9939393939393939,330,328,0.9545454545454546,0.999044668609886,76,63,0.971830985915493,71,69,66,0,0.7910447761194029,0.9636363636363636,0.6708860759493671,26,2,53,79,4.3209786000079475,91,0,0.8351648351648352,0.9418105674488164,0.07786752827140549,108,99,0.9166666666666666,360,9.215303500008304,55,0,0,23,2,0,0,0.6515151515151515,23,43,91,onnx_clean,73d6fa541ce75445d21d3e6ed810ee532954959056f6d9cf314e0f84fcd94bf3,26,2,0.9636363636363636,0.6708860759493671,53,28,4,0.9272727272727272,0.6455696202531646,51,cold
427,0.9384615384615385,347,0,0,,0.5164835164835165,0.8901098901098901,455,405,405,False,0.696969696969697,46,47,0.9848484848484849,330,325,0.9393939393939394,0.983505205702002,69,62,0.9295774647887324,71,66,66,0,0.7751937984496124,1.0,0.6329113924050633,29,0,50,79,32.9250236999942,91,0,0.7582417582417582,0.8010619526810899,0.18449111470113086,108,78,0.7222222222222222,,37.82811249996303,50,0,0,21,0,0,0,0.6818181818181818,25,45,91,ensemble2,73d6fa541ce75445d21d3e6ed810ee532954959056f6d9cf314e0f84fcd94bf3,29,0,1.0,0.6329113924050633,50,29,0,1.0,0.6329113924050633,50,constituent_sum
419,0.9208791208791208,347,0,0,,0.5164835164835165,0.8901098901098901,455,405,405,False,0.696969696969697,46,47,0.9848484848484849,330,325,0.6363636363636364,0.6507177033492823,47,42,0.9295774647887324,71,66,66,0,0.6260869565217392,1.0,0.45569620253164556,43,0,36,79,62.36842049995903,91,0,0.5164835164835165,0.5268941584731058,0.5996768982229402,108,78,0.7222222222222222,,67.275705499982,36,0,0,34,0,0,0,0.48484848484848486,25,32,91,ensemble4,73d6fa541ce75445d21d3e6ed810ee532954959056f6d9cf314e0f84fcd94bf3,43,0,1.0,0.45569620253164556,36,43,0,1.0,0.45569620253164556,36,constituent_sum
446,0.9802197802197802,347,0,0,,0.5384615384615384,0.9318681318681319,455,424,424,False,0.8333333333333334,55,49,0.9878787878787879,330,326,0.9393939393939394,0.983505205702002,71,62,0.9436619718309859,71,67,66,0,0.8794326241134752,1.0,0.7848101265822784,17,0,62,79,37.24600230000215,91,0,0.7802197802197802,0.8230399746591119,0.16607431340872375,108,79,0.7314814814814815,,42.152776000031736,62,0,0,12,0,0,0,0.8181818181818182,25,54,91,ensemble3,73d6fa541ce75445d21d3e6ed810ee532954959056f6d9cf314e0f84fcd94bf3,17,0,1.0,0.7848101265822784,62,18,1,0.9838709677419355,0.7721518987341772,61,constituent_sum
443,0.9736263736263736,347,2,2,,0.5934065934065934,0.9164835164835164,455,417,417,False,0.9242424242424242,61,54,0.9878787878787879,330,326,0.9545454545454546,0.9986567208535171,72,63,0.9436619718309859,71,67,66,0,0.9324324324324325,1.0,0.8734177215189873,10,0,69,79,37.24600230000215,91,0,0.7912087912087912,0.8442039958231332,0.14474959612277868,108,73,0.6759259259259259,,42.207471500034444,69,0,0,5,0,0,0,0.9242424242424242,25,61,91,ensemble3_semantic,73d6fa541ce75445d21d3e6ed810ee532954959056f6d9cf314e0f84fcd94bf3,10,0,1.0,0.8734177215189873,69,11,1,0.9855072463768116,0.8607594936708861,68,constituent_sum
455,1.0,347,1,1,,0.7032967032967034,0.978021978021978,455,445,445,True,0.9848484848484849,65,64,0.9939393939393939,330,328,0.9696969696969697,0.9989861016176804,70,64,0.971830985915493,71,69,66,0,0.9806451612903225,1.0,0.9620253164556962,3,0,76,79,28.747584900003858,91,0,0.7692307692307693,0.8971709005195793,0.10953150242326333,108,99,0.9166666666666666,,33.643178199999966,76,0,0,1,0,0,0,0.9848484848484849,25,65,91,hybrid_fields_development,73d6fa541ce75445d21d3e6ed810ee532954959056f6d9cf314e0f84fcd94bf3,3,0,1.0,0.9620253164556962,76,3,0,1.0,0.9620253164556962,76,constituent_sum
